{
    "package_version": "1.0",
    "id": "8daa6e1a-75d5-47b9-ae74-5c10661ff31b",
    "type": "client-app",
    "name": "jivedev QuickStart",
    "description": "A Jive App to help you get started with simple Jive Tile, App and Stream development.",
    "minimum_version": "0080300000",
    "icon_16": "extension-16.png",
    "icon_48": "extension-48.png",
    "icon_128": "extension-128.png",
    "redirect_url": "%serviceURL%",
    "released_on": "2016-12-14T13:57:39.551Z",
    "service_url": "http://localhost",
    "author": "Rashed Talukder",
    "author_affiliation": "Jive Software",
    "author_email": "rashed.talukder@jivesoftware.com",
    "info_email": "jivedev@jivesoftware.com",
    "screen_shots": [
        "screenshot_1.png"
    ],
    "jive_technologypartner_id": 1,
    "install_instructions": "install_instructions.html",
    "eula_filename": "eula.html",
    "overview": "overview.html",
    "support_info": "https://community.jivesoftware.com/community/developer",
    "website_url": "https://www.jivesoftware.com",
    "version": 1
}